<?xml version="1.0" encoding="UTF-8" standalone="no"?>
<gins>
  <bio_project>
    <bio_project_submitter 
      adress_eng="Adress_Eng_value" adress_kor="Adress_Kor_value" 
      country="Country_value" 
      department_eng="Department_Kor_value" department_kor="Department_Kor_value" 
      email_1="Email_value_1" email_2="Email_value_2" 
      fax="Fax_value" 
      name_eng="Name_Eng_value" name_kor="Name_Kor_value" 
      organization_eng="Organization_Eng_value" organization_kor="Organization_Kor_value" 
      phone="Phone_value"/>
    <general_information 
      release_date="Release_Date_value" release_date_selection="Release on specified date" 
      submission_date="Submission_Date_value" umbrella_project="Umbrella_Project_value"/>
    <project 
      description_eng="Desc_Eng_value" description_kor="Desc_Kor_value" 
      govemment_department="과기정통부" 
      main_project_ntis_number="Main_Project_Ntis_value" 
      main_project_number="Main_Project_Number_value" 
      main_project_pi="Main_Project_Pi_value" 
      main_project_title="Main_Project_Title_value" 
      project_data_type="Epigenomics" 
      project_ntis_number="Project_Ntis_value" 
      project_number="Project_Number_value" 
      project_type="위탁" 
      relevance="Agricultural" 
      sample_scope="Environment" 
      title_eng="Title_Eng_value" title_kor="Title_Kor_value"/>
    <publications>
      <publication 
        article_title="Article_Title_value" 
        author_list="Author_List_value" 
        doi="DOI_value" 
        journal_name="Journal_Name_value" 
        pubmed_id="Pubmed_ID_value" year="Year_value"/>
    </publications>
    <external_links>
      <external_link link_description="Link_Desc_value" url="Url_value"/>
    </external_links>
    <consortium consortium_name="Consortium_Name_value" consortium_url="Consortium_Url_value"/>
    <others biomaterial_provide="Biomaterial_Provide_value" data_provider="Data_Provider_value"/>
    <bio_samples>
      <bio_sample>
        <bio_sample_submitter 
          adress_eng="Adress_Eng_value" adress_kor="Adress_Kor_value" 
          country="Country_value" 
          department_eng="Department_Eng_value" department_kor="Department_Kor_value" 
          email_1="Email_value_1" email_2="Email_value_2" 
          fax="Fax_value" 
          name_eng="Name_Eng_value" name_kor="Name_Kor_value" 
          organization_eng="Organization_Eng_value" organization_kor="Organization_Kor_value" 
          phone="Phone_value"/>
        <bio_sample_general_information 
          description_eng="Description_Eng_value" description_kor="Description_Kor_value" 
          project_accession="Project_Accession_value" 
          release_date="Release_Date_value" release_date_selection="immediately" 
          sample_type="" submission_date="Submission_Date_value" 
          title_eng="Title_Eng_value" title_kor="Title_Kor_value"/>
        <sample_type>
          <sample_type_7 altitude="Altitude_value" biomaterial_provider="Biomaterial_Provider_value" collected_by="CollectedBy_value" collection_date="Collection_Date_value" culture_collection="Culture_Collection_value" depth="Depth_value" disease="Disease_value" environment_biom="Environment_Biom_value" genotype="Genotype_value" geographic_location="Geographic_Location_value" growth_protocol="Growth_Protocol_value" host="Host_value" host_tissue_sampled="Host_Tissue_Sampled_value" identified_by="IdentifiedBy_value" isolate="Isolate_value" isolation_source="Isolation_Source_value" lab_host="Lab_Host_value" latitude_longitude="Latitude_Longitude_value" organism="Organism_value" passage_history="Passage_History_value" sample_name="Sample_Name_value" sample_size="Sample_Size_value" serotype="Serotype_value" specimen_voucher="Specimen_Voucher_value" strain="Strain_value" temperature="Temperature_value"/>
        </sample_type>
        <experiments>
          <experiment 
            description_eng="Desc_Eng_value" description_kor="Desc_Kor_value" 
            library="Library_value" 
            library_construction_experiment_desing="Library_Construction_Experiment_Desting_value" 
            library_name="Library_Name_value" 
            platform="454 GS FLX" 
            release_date="Release_Date_value" release_date_selection="Release on specified date" 
            selection="DNAse" source="SYNTHETIC" strategy="AMPLICON" 
            submission_date="Submission_Date_value" 
            title_eng="Title_Eng_value" title_kor="Title_Kor_value">
            <layout type="Fragment_value">
              <fragment/>
              <paired_read insert_size="Insert_Size_value" nomial_size="Nomial_Size_value" nominal_standard_deviation="Nominal_Standard_Deviation_value"/>
            </layout>
            <runs>
              <run accession_number="Accession_Number_value" file_type="FastQ" release_date="Release_Date_value" release_date_selection="Release on specified date" submission_date="Submission_Date_value">
                <fastq_format file_name="Name_value" md5_for_file="Md5ForFile_value"/>
                <bam_format file_name="File_Name_value" md5_for_file="Md5ForFile_value" md5_for_reference_file="Md5ForReference_File_value" reference_assembly_name="Reference_Assembly_Name_value" reference_file_name="Reference_File_Name_value"/>
                <vcf_format file_name="File_Name_value" md5_for_file="Md5ForFile_value" md5_for_reference_file="Md5ForReference_File_value" reference_assembly_name="Reference_Assembly_Name_value" reference_file_name="Reference_File_Name_value"/>
                <sff_format file_name="Name_value" md5_for_file="Md5ForFile_value"/>
                <other_format description="Desc_value" file_name="Name_Value" md5_for_file="Md5ForFile_value"/>
              </run>
            </runs>
          </experiment>
        </experiments>
      </bio_sample>
    </bio_samples>
  </bio_project>
</gins>
